authorName,authorProfileId,postedAtISO,numLikes,numComments,numShares,type,text,url
Melanie Perkins,melanieperkins,2025-01-06T03:15:29.834Z,6083,357,108,text,"As we enter 2025, I‚Äôve been reflecting on my goals for the year and the lessons I‚Äôve learned about sustaining energy and focus. I used to work seven days a week, barely pausing to breathe, thinking it was the only way to succeed‚Äîbut I‚Äôve since realized how unsustainable that was. 

Social media is quick to glamorise working all hours and pushing through without taking breaks. In recent conversations with founders, I noticed a common theme: they‚Äôre so focused on achieving their big goals that they‚Äôre leaving nothing in the tank for themselves. One founder told me they worked through every weekend last year, taking just a handful of days off. Another shared how they felt completely stuck after a setback, without tools to navigate the emotional toll.

I could relate. For years, I had no tools either. I‚Äôve spent the last few years working on that, and now, I feel like I have the tools to help me recharge, reset, and plan effectively. I thought I‚Äôd share a few of the things that helped in case they‚Äôre helpful for you too.

#1: Taking Real Breaks
For years, I didn‚Äôt take weekends off. Now, I intentionally carve out time to recharge. Giving myself space to pause has been transformative‚Äîit helps me reset and approach the week ahead with clarity and energy. Contrary to what I originally thought, taking breaks helps me to ‚Äòwork smarter, not harder‚Äô.

#2: Setting Walking Goals
A few years ago, I challenged myself to walk 100 km every month. It was a game-changer. Those walks became my thinking time, a chance to brainstorm, reflect, get some exercise and time in nature. This year, I‚Äôm excited to bring that habit back‚Äîit‚Äôs something I‚Äôve missed and can‚Äôt wait to reintroduce into my routine.

#3: Meditating Every Day
Meditation didn‚Äôt come easily to me. I‚Äôd sit there thinking about work instead of relaxing! But over time, I‚Äôve found it incredibly helpful. I use the Calm app for 10 minutes before bed, which clears my mind and improves my sleep. It‚Äôs also helped transform my inner self-talk, making me kinder to myself.

#4: Experimenting with AI Walks
This year, I‚Äôve started combining my walks with AI tools. I use AirPods to record my thoughts and then let AI organize those ideas into actionable steps (yes, in Canva!). It‚Äôs been surprisingly effective at turning big-picture brainstorming into tangible progress. I‚Äôm excited to see where it goes this year and to continue to refine it.

#5: Building Simple, Intentional Habits
Small ‚Äòrituals‚Äô like journaling for five minutes each morning, spending time in nature or keeping a consistent bed time and wake time (one of my 2025 goals!) can make a huge difference. 

I certainly don‚Äôt have it all figured out‚ÄîI‚Äôm still learning, and these habits are evolving. But I‚Äôve noticed how much better I feel when I make time for myself, and I wanted to share in case these ideas resonate with you too.

What habits or tools have made a difference in your life? I‚Äôd love to hear what‚Äôs worked for you too! üåü",https://www.linkedin.com/posts/melanieperkins_as-we-enter-2025-ive-been-reflecting-on-activity-7281870969856532482-3ir5?utm_source=combined_share_message&utm_medium=member_desktop&rcm=ACoAAFExDSABRCfDps2vz8BwL3pcxWzy6fiDV8g
Melanie Perkins,melanieperkins,2021-04-14T01:31:16.941Z,5293,297,72,linkedinVideo,"Building Canva has taken the hard work, passion, creativity, and dedication of an incredibly talented group of people. We now have a team of more than 1,500 people around the world helping turn our crazy big goals into reality while striving to bring magic to our community every single day.

It‚Äôs been incredible to see crazy big goals that we have set being turned into reality to be used by millions of people - but there‚Äôs one in particular that really stands out, dating back to the very beginning of Canva when we had the good fortune of meeting David Hearnden and somehow convinced him to join the team as our CTO.

Since that day, Dave has been dreaming about launching simultaneous collaboration in Canva (multiple people designing together in real-time). It was a goal so ambitious that he vowed to forego cutting his hair until we made it possible.

Launching simultaneous collaboration in Canva was an absolutely massive feat ‚Äì it involved many years of engineering effort and doing many ‚Äòworld firsts‚Äô. So when we officially unlocked this milestone, Dave had a ceremonious haircut and we created a little film of the occasion to celebrate internally but thought we'd share it here for a bit of fun!",https://www.linkedin.com/posts/melanieperkins_building-canva-has-taken-the-hard-work-passion-activity-6787910082509324288-Ooyz?utm_source=combined_share_message&utm_medium=member_desktop&rcm=ACoAAFxp7sYBfVjWhnJhDnuArU5YimZaRl1k-2w
Melanie Perkins,melanieperkins,2025-11-12T10:11:49.563Z,3250,258,115,linkedinVideo,"I feel like I just got a new job. A pretty important one, I think.

I‚Äôve joined the PR team for ‚ÄúImagination.‚Äù

You might be wondering, why does imagination need a PR team? It's not a company? Well, lately, imagination has had a bit of a PR problem.

‚ÄúIt‚Äôs just in her imagination.‚Äù
‚ÄúIt‚Äôs not realistic.‚Äù

Sound familiar? That‚Äôs exactly the issue. When imagination gets dismissed as na√Øve or unrealistic, we stop taking it seriously, even though it‚Äôs the single most powerful force shaping our shared future. One to be taught, honed, valued and refined.

If we don‚Äôt imagine the world we want, how can we possibly create it?

A couple of months ago, while preparing for our keynote, we started listing moments when imagination reshaped reality, times when what once seemed absurd became our new reality.

When the world was bound to the ground, the idea of flying was madness.
When nights were lit by candles and oil lamps, the thought of brightening a room with the flick of a switch was pure fantasy.
When sickness was seen as destiny or divine will, the idea of curing it through science was unimaginable.
When half of humanity was voiceless, the idea of women voting was radical.

And yet, someone imagined each of those things first. And then many people worked hard to turn those completely ‚Äúunrealistic‚Äù ideas into the reality we now enjoy today. Everything good was once imagined.

It made me wonder: what are the things you‚Äôre most grateful for today that were once just imagined? And what‚Äôs the next ‚Äúimpossible‚Äù thing you hope we‚Äôll imagine into reality?",https://www.linkedin.com/posts/melanieperkins_i-feel-like-i-just-got-a-new-job-a-pretty-activity-7394315980769980416-SnNR?utm_source=combined_share_message&utm_medium=member_desktop&rcm=ACoAAFExDSABRCfDps2vz8BwL3pcxWzy6fiDV8g
Melanie Perkins,melanieperkins,2019-05-17T22:57:02.876Z,3083,177,52,text,"Since the very beginning, our mission has been to empower everyone to design - and we really mean everyone! At Canva, we believe everyone should have access to all the ingredients needed to design, and not just for the few who can afford it. This is why we created an easy-to-use design tool, with all the ingredients you need such as free design templates, fonts, illustrations, and photos. 

Today marks a significant milestone at Canva. I‚Äôm incredibly excited to announce that free stock photography sites Pexels and Pixabay have joined the Canva family, so that their library of free, diverse and authentic photos will now be available on Canva. Together, we‚Äôre connecting our communities, bringing talented photo contributors from all over the world closer to our Canva community of over 15 million designers worldwide, who are on the lookout for fresh, beautiful photography every day.

We've also announced the roll-out of Photos Unlimited, a world-first stock photography subscription model offering ‚Äúall you can consume‚Äù access to a library of an additional tens of millions of premium stock photos. With these two announcements, we‚Äôre giving people more choice, more freedom and the power to visually communicate their ideas in the best possible way. The potential is limitless.",https://www.linkedin.com/posts/melanieperkins_since-the-very-beginning-our-mission-has-activity-6535286925824229376-BrsS?utm_source=combined_share_message&utm_medium=member_desktop&rcm=ACoAADOaIt0BRjLO-MIVji43gtwC0Bl2KRs6fXo
Melanie Perkins,melanieperkins,2022-03-04T09:15:06.796Z,2924,104,35,article,"Like millions of people around the world, I‚Äôm saddened and appalled by the devastating news continuing to emerge from Ukraine where millions of innocent people have had their lives turned upside down. Everyone, everywhere, should have the right to peace, safety, and freedom. 

We believe that we have an incredibly important responsibility to use our voice and our resources to advocate for peace and to bring awareness to the unimaginable, unlawful and unjust situation.

To assist with immediate relief, the Canva Foundation is committing $1,000,000 to those impacted by this crisis. We‚Äôre also matching donations from our team, dollar-for-dollar, for up to $5,000 per team member.

We‚Äôve also launched a number of new templates and illustrations which we hope will become a way for people across the globe to amplify the important call for peace while bringing additional awareness to the tragic situation continuing to unfold.

We stand firmly in support of Ukraine, and in support of peace and freedom everywhere.",https://www.linkedin.com/posts/melanieperkins_supporting-ukraine-and-promoting-peace-activity-6905440477835866112-Cezn?utm_source=combined_share_message&utm_medium=member_desktop&rcm=ACoAAFxp7sYBfVjWhnJhDnuArU5YimZaRl1k-2w
Melanie Perkins,melanieperkins,2025-10-08T23:09:39.598Z,2875,131,96,article,"A few years ago, we shared our 2 Step Plan:

1. Build one of the world‚Äôs most valuable companies
2. Do the most good we can do

We have a crazy big dream: that by the end of our lifetimes, everyone on this planet will have their basic human needs met. It‚Äôs terribly sad that this is still considered a crazy big dream, but thanks to the support of our community, the Canva Foundation is committing another $100 million USD to support people living in extreme poverty to take another step towards this.

Since 2021, our partnership with GiveDirectly has provided $50 million in direct cash transfers to more than 85,000 people in Malawi. Families have used this support to send children to school, access healthcare, start small businesses, and invest in livestock and tools that help create long-term security. Each story is different, but all prove a simple truth: when people are trusted to decide what they need most, the impact is extraordinary.

This new $100 million commitment will reach another 185,000 people, helping families transform their lives, while creating ripple effects that strengthen entire communities. It is, without a doubt, the best money we could ever imagine spending.

We‚Äôve created a short documentary from journalist David Begnaud's visit to Malawi: https://lnkd.in/gpDpkW8h

We‚Äôre still very much on a learning journey, if you‚Äôd like to learn alongside us, visit our blog: https://lnkd.in/gn4TTJrg

With over 30% of Canva‚Äôs value dedicated to doing good, every subscription and every design fuels this mission. Thank you for being part of it ‚ù§Ô∏è",https://www.linkedin.com/posts/melanieperkins_on-the-ground-in-malawi-stories-of-change-activity-7381828153788268545-rppA?utm_source=combined_share_message&utm_medium=member_desktop&rcm=ACoAAFExDSABRCfDps2vz8BwL3pcxWzy6fiDV8g
Melanie Perkins,melanieperkins,2023-10-05T09:36:57.518Z,2820,160,75,article,"Ten years ago, we launched Canva with the belief that design shouldn‚Äôt be limited to people with advanced training or expensive software. Since then, we‚Äôre incredibly proud to have brought the power of visual communication to more than 150 million people around the world.

A decade into our journey, we‚Äôre excited to mark the start of our next chapter with one of our biggest launches ever. Introducing Magic Studio ‚Äì the best of AI, all in one place and made for skipping the busywork!

It‚Äôs been pretty extraordinary watching our team rally together to bring Magic Studio to life ‚Äì I feel incredibly lucky to work with such a passionate and creative crew. 

We'd love to know if you have any favorite features?!",https://www.linkedin.com/posts/melanieperkins_introducing-magic-studio-the-power-of-ai-activity-7115630937450717185-IMOl?utm_source=combined_share_message&utm_medium=member_desktop&rcm=ACoAAFxp7sYBfVjWhnJhDnuArU5YimZaRl1k-2w
Melanie Perkins,melanieperkins,2020-06-02T12:18:02.530Z,2684,69,57,image,"A couple of years ago we added an Anti-Discrimination Clause into our Terms of Use. Our aim is to outline clear expectations for our Canva community to abide by when using our platform, and we reserve the legal right to stop them from using our services if they don‚Äôt comply. It‚Äôs a small step for us, but putting our values in our Terms seems like a good start towards creating a brighter future. We'd love to see other companies do the same - so decisions don‚Äôt feel piecemeal, but in line with shaping a world we can all be proud to live in. Feel free to reuse these Terms as your own.
#blacklivesmatter",https://www.linkedin.com/posts/melanieperkins_blacklivesmatter-activity-6673558279416893440-ooho?utm_source=combined_share_message&utm_medium=member_desktop&rcm=ACoAAFxp7sYBfVjWhnJhDnuArU5YimZaRl1k-2w
Melanie Perkins,melanieperkins,2021-10-18T05:59:39.476Z,2612,130,58,article,"A few years ago I wrote a blog post about some of the lessons we‚Äôve learned throughout our journey building Canva ‚Äì that was back in 2018, and quite a bit has happened since then!

I‚Äôve just started writing Part 2 and would love to include some new questions. If there‚Äôs anything you‚Äôd like to learn more about based on Canva‚Äôs journey so far, let me know below and I‚Äôll try to include your questions in Part 2!",https://www.linkedin.com/posts/melanieperkins_21-questions-from-aussie-startups-highs-activity-6855744152303480833-gAm-?utm_source=combined_share_message&utm_medium=member_desktop&rcm=ACoAAFxp7sYBfVjWhnJhDnuArU5YimZaRl1k-2w
Melanie Perkins,melanieperkins,2025-04-10T19:19:52.390Z,2450,226,120,article,"We are extraordinarily excited to unveil the Visual Suite 2.0. It's the biggest product launch in Canva's history and brings creativity and productivity together like never before üöÄ ‚ú®

You asked, with more than one million wishes pouring in every year, and we listened. Every request, idea, and piece of feedback from our global community has helped shape what we‚Äôre launching today. Visual Suite 2.0 is packed with your most-wanted features: combine every format in a single design, turn numbers into powerful visual spreadsheets, create faster than ever with Canva AI, and now, bring your ideas to life with code.

A massive thank you to our community for being on this journey with us and for sharing the millions of wishes that continue to shape the future of design. Visual Suite 2.0 is a celebration of everything we‚Äôve built together, and we can‚Äôt wait to see what you‚Äôll create.

So‚Ä¶ which wish do you want to try first? If you didn't check out the keynote yet, you might want to (we're releasing to the first 1 million people today!) or explore all the latest launches right here:",https://www.linkedin.com/posts/melanieperkins_introducing-visual-suite-20-productivity-activity-7316178122373009408-RB3H?utm_source=combined_share_message&utm_medium=member_desktop&rcm=ACoAAFExDSABRCfDps2vz8BwL3pcxWzy6fiDV8g
Melanie Perkins,melanieperkins,2025-10-31T06:29:53.399Z,2519,132,52,image,"Yesterday was a pretty special day.

For the first time, we brought together more than 3,000 of our Canva team from across Australia and New Zealand under one roof where we unveiled the Canva Creative Operating System, our biggest product launch yet. 

It brings together an upgraded visual suite with Email Design, Forms, and Video 2.0; a powerful new Canva AI layer; Canva Grow, Brand System and the all new Affinity! 

We believe we‚Äôre entering a new chapter, the Imagination Era, where the best breakthroughs come not from just how much we know, but by what we can imagine and then create together.

At the end of the keynote, I wore a jacket with what‚Äôs now one of my all-time favourite quotes: ‚ÄúEverything good was once imagined.‚Äù

Jimmy Knowles imagined that jacket while having a salt float‚Ä¶ and then there I was, on stage, wearing what he had imagined.

The week itself was imagined by an incredible crew who brought every detail to life, from the Canva Express train that carried our team to the event, to all of our product launches imagined by so many across Canva, to every detail of the staging, keynote and the week of festivities, even the wishes for new features were imagined by our community around the world.

It capped off the Canva World Tour, where our teams set off around the globe to meet and teach our community in 40 cities, 30 countries, and with 250+ workshops. 

It was imagination made real, over and over again. And captured what we believe to be true: imagination is the most important skill we have.

Thank you to our absolutely incredible team who made all of this possible.

Everything good was once imagined üí≠

We‚Äôre just getting started... explore all the launches here: https://lnkd.in/gf5xsFVH",https://www.linkedin.com/posts/melanieperkins_yesterday-was-a-pretty-special-day-for-activity-7389911474342813696-DbfZ?utm_source=combined_share_message&utm_medium=member_desktop&rcm=ACoAAFExDSABRCfDps2vz8BwL3pcxWzy6fiDV8g
Melanie Perkins,melanieperkins,2024-08-06T09:11:48.729Z,2380,158,60,article,"A number of years ago we took the 1% Pledge where we donated 1% of our team's product, time, profits and equity. I'm pleased to say that we've just crossed another pretty huge milestone of donating more than $1 billion worth of annual product value through our Canva for Education and Nonprofit programs!

One of the best parts of our job is seeing the way Canva has been used in the classrooms and nonprofits in every corner of the globe to help achieve their goals. A massive thanks to our incredible team who help empower our community every day, and our incredible community who have helped to spread Canva far and wide and are still our biggest marketing channel, even after all these years.

If you are part of one of these programs we'd love to hear how you use Canva! And if you aren't but know a nonprofit or school not yet using Canva, we'd love to give them a paid account on us at:¬†canva.com/education¬†or¬†canva.com/nonprofits",https://www.linkedin.com/posts/melanieperkins_celebrating-1-billion-of-product-donated-activity-7226515296004534272-MKca?utm_source=combined_share_message&utm_medium=member_desktop&rcm=ACoAAFExDSABRCfDps2vz8BwL3pcxWzy6fiDV8g
Melanie Perkins,melanieperkins,2023-06-01T04:39:05.969Z,1843,77,41,article,"For many years at Canva we‚Äôve had what we call ‚Äúour Two-Step Plan‚Äù: (1) to build one of the world‚Äôs most valuable companies, and (2) to do the most good we can do.

It's only because of the contributions from our incredible team and the support from the millions of people who use Canva that we‚Äôve been able to make progress towards these steps. 

Today, we‚Äôre incredibly excited to share an update on Step Two as we embark on the next phase of our partnership with GiveDirectly through a $20M cash transfer program in Malawi as part of our goal to help uplift people from extreme poverty. Hearing the stories and impact from our first program, it‚Äôs the best money we could ever imagine spending. 

We have had lots of questions throughout our journey about giving cash directly to people in extreme poverty, and so in the post below we dive into a number of questions we‚Äôve asked and questions asked by our team, we hope you find it as interesting as we did!",https://www.linkedin.com/posts/melanieperkins_uplifting-people-from-extreme-poverty-the-activity-7069895107675582464-Gptf?utm_source=combined_share_message&utm_medium=member_desktop&rcm=ACoAAFxp7sYBfVjWhnJhDnuArU5YimZaRl1k-2w
Melanie Perkins,melanieperkins,2023-09-11T02:30:31.671Z,1803,73,56,article,"Five years ago, I published a blog answering some of the frequently asked questions from other founders about our journey building Canva. I called that Part One, and now, five years later, as we celebrate Canva turning 10, it seemed fitting to finally follow up with Part Two!

Perhaps the best metaphor for a startup is a rollercoaster - a mixture of scary and excitement, ups, downs, and everything in between. But never a dull moment! Hopefully, some of our learnings are helpful for others too!",https://www.linkedin.com/posts/melanieperkins_21-questions-from-canvas-10-year-journey-activity-7106826313855860737-isEH?utm_source=combined_share_message&utm_medium=member_desktop&rcm=ACoAAFxp7sYBfVjWhnJhDnuArU5YimZaRl1k-2w
Melanie Perkins,melanieperkins,2020-03-17T02:24:47.115Z,1707,43,90,image,"We're calling upon all business leaders across Australia to #StopTheSpread of #covid19. As Aussies we‚Äôve had our fair share of tough times this year - but as a nation of resilience and courage, we‚Äôve proven that our greatest strength stems from rallying together. So let‚Äôs join forces and act now: http://stopthespread.biz",https://www.linkedin.com/posts/melanieperkins_stopthespread-covid19-activity-6645505115774156800-oZB7?utm_source=combined_share_message&utm_medium=member_desktop&rcm=ACoAAFxp7sYBfVjWhnJhDnuArU5YimZaRl1k-2w
Melanie Perkins,melanieperkins,2019-12-18T00:53:40.950Z,1493,80,29,article,"It was such a pleasure sharing the Canva story with @Alex Konrad at @Forbes and giving him an inside look into how our team works. Alex joined our Season Opener, product sessions and more. Really appreciated him making the trip to the other side of the world!",https://www.linkedin.com/posts/melanieperkins_canva-uncovered-how-a-young-australian-kitesurfer-activity-6612867281112403968-_XK_?utm_source=combined_share_message&utm_medium=member_desktop&rcm=ACoAADOaIt0BRjLO-MIVji43gtwC0Bl2KRs6fXo
Melanie Perkins,melanieperkins,2025-04-02T01:17:04.376Z,1220,76,40,article,"It‚Äôs hard to believe we‚Äôre less than 10 days away from Canva Create 2025!¬†üöÄ

This will be our fourth time bringing our community together, and it‚Äôs shaping up to be our biggest yet. While I won't give any spoilers, I can say we‚Äôll be unveiling some of the most exciting product launches in Canva‚Äôs history. Our team has been hard at work bringing it all to life, and we can't wait to get them into your hands!

Something we love to do at Canva is grant wishes from our community. If you have any feature requests, ideas, or wishes, we'd love to know what would make Canva even more helpful for you this year ‚Äì big or small, we're all earsüí°üëá

We've sold out of in person tickets, but if you haven't registered yet, we'd love for you to join us online ‚Äì it's free!¬†
canva.com/canva-create",https://www.linkedin.com/posts/melanieperkins_canva-create-2025-join-online-for-free-activity-7313006523847192576-p4_C?utm_source=combined_share_message&utm_medium=member_desktop&rcm=ACoAAFExDSABRCfDps2vz8BwL3pcxWzy6fiDV8g
Melanie Perkins,melanieperkins,2025-03-12T11:53:09.152Z,931,46,5,text,"Canva has been brought to life by the hard work of so many incredible people I‚Äôve been fortunate enough to cross paths with. One of those people is Lars Rasmussen, who has had a profound impact on Canva from our earliest days.

Before Canva had a single line of code, before we even had an engineering team, he generously shared his wisdom, helping me understand the extraordinarily strong engineering talent we needed to bring our vision to life. We dreamed about the future together, and his guidance played a pivotal role in helping us to get started.

Beyond Canva, Lars had left an undeniable mark on technology we‚Äôve come to know and love as the co-founder of Google Maps, he helped change how we navigate the world. Now, he‚Äôs channeling that same ambition and energy into building a thriving tech scene in Greece. He believes a massive tech festival could help ignite the movement, and I couldn‚Äôt agree more!

When he invited me to speak, I couldn‚Äôt say no. The only catch? The event is on the other side of the world, and with other commitments, I couldn‚Äôt be there in person. But in true Lars fashion, where challenges become opportunities, we decided to push the boundaries and experiment with new technology.

So, I‚Äôll be there ‚Äì via hologram! Excited to see how it all comes to life, and to speak to the next generation of founders out there üöÄ",https://www.linkedin.com/posts/melanieperkins_tickets-are-now-open-be-part-of-the-first-activity-7305556453342265345-5E5i?utm_source=combined_share_message&utm_medium=member_desktop&rcm=ACoAAFExDSABRCfDps2vz8BwL3pcxWzy6fiDV8g
Melanie Perkins,melanieperkins,2025-11-02T22:41:39.854Z,793,73,25,text,"Just recorded a podcast with Lenny Rachitsky such a joy to dive deep into ideas and philosophies I don‚Äôt often get to talk about!

He was incredibly prepared, which made for one of my favorite conversations yet.

If you‚Äôre going to give it a listen, I‚Äôd love to hear what resonated!",https://www.linkedin.com/posts/melanieperkins_melanie-perkins-is-co-founder-and-ceo-of-activity-7390880805071491072-8t-1?utm_source=combined_share_message&utm_medium=member_desktop&rcm=ACoAAFExDSABRCfDps2vz8BwL3pcxWzy6fiDV8g
Melanie Perkins,melanieperkins,2018-05-14T02:27:34.280Z,787,34,14,image,"Excited to share advice, tips and the story of starting Canva with fellow #smallbusiness owners and #entrepreneurs at @QuickBooksAU‚Äôs #QBConnect event in Sydney. Join me on 24 May: https://intuit.me/2FwOqVJ",https://www.linkedin.com/posts/melanieperkins_excited-to-share-advice-tips-and-the-story-activity-6401618783366156288-DpOK?utm_source=combined_share_message&utm_medium=member_desktop&rcm=ACoAABJnN1EBg8SkzCDxZWBl3ARKtQSsamhRgWE
Melanie Perkins,melanieperkins,2019-12-09T11:03:26.197Z,768,52,0,text,"Absolutely loved this campaign and really proud of the team that brought it to life. I would love to spend all of our marketing budget creating special, magical memories for our community and helping them to achieve their life goals. Is it possible? Not sure - but this is a really special start :)",https://www.linkedin.com/posts/melanieperkins_the-christmas-surprise-one-family-wasnt-activity-6609759239969828865-pGvM?utm_source=combined_share_message&utm_medium=member_desktop&rcm=ACoAADOaIt0BRjLO-MIVji43gtwC0Bl2KRs6fXo
Melanie Perkins,melanieperkins,2018-10-22T03:43:55.807Z,734,30,10,image,"From a tiny team that could sit around one table a few years ago to 350+ amazing people today, our team has grown rapidly, but has always kept true to our essence and our culture has continued to strengthen over the years. Zach Kitschke has played a huge role in helping to sculpt the amazing culture we have at Canva today and shares some great insights in this blog. https://lnkd.in/gSewaXK #startups",https://www.linkedin.com/posts/melanieperkins_startups-activity-6459982446044807168-a8zt?utm_source=combined_share_message&utm_medium=member_desktop&rcm=ACoAADPPKZoBGm3auaTkRMiq2S8K_GGARf_bs9s
Melanie Perkins,melanieperkins,2018-06-20T06:34:42.901Z,624,32,7,text,"We‚Äôve come along way since our first company where my Mum generously let us take over her living room and garage. We‚Äôre fortunate to now have a beautiful office that inspires creativity and our team has a lot of great perks - but I think the most important thing has always been the people, whether they were huddled around a table without much else or now filling a whole beautiful building - I think the biggest perk has always been working with people who are passionate about what they do.",https://www.linkedin.com/posts/melanieperkins_a-look-inside-the-18-coolest-offices-in-australia-activity-6415089330137718784-FSY6?utm_source=combined_share_message&utm_medium=member_desktop&rcm=ACoAABJnN1EBg8SkzCDxZWBl3ARKtQSsamhRgWE
Melanie Perkins,melanieperkins,2019-09-01T23:59:26.848Z,584,33,1,text,"Incredibly pleased to see Canva recognised again for being a great workplace. The Canva journey started back when we were just a small team sitting around a small table in my mum‚Äôs living room. Today, Canva is in 190 countries, with over 1 billion designs created by our loyal community. None of this would have been possible without a great team. A team that is not only talented, driven and hardworking - but a team that also believes in the Canva mission and embraces our values. I‚Äôm incredibly lucky to be able to work with them every single day. #50BPTW19 #GPTWAU",https://www.linkedin.com/posts/melanieperkins_50bptw19-gptwau-activity-6574078130800156672-DbFl?utm_source=combined_share_message&utm_medium=member_desktop&rcm=ACoAADOaIt0BRjLO-MIVji43gtwC0Bl2KRs6fXo
Melanie Perkins,melanieperkins,2019-02-02T04:50:31.047Z,522,52,5,article,It was fun sharing the long and winding journey of getting Canva off the ground with Guy Raz on 'How I Built This'. It was far from a straight forward journey and often felt like I was running completely against the grain - but I think the challenges along the way made me even more appreciative of the incredible team and community we have today and excited about what we can now build in the future.,https://www.linkedin.com/posts/melanieperkins_canva-melanie-perkins-activity-6497325153452679168-1AVf?utm_source=combined_share_message&utm_medium=member_desktop&rcm=ACoAADOaIt0BRjLO-MIVji43gtwC0Bl2KRs6fXo
Melanie Perkins,melanieperkins,2018-10-15T23:25:41.972Z,548,9,11,image,One of our values at Canva is to ‚ÄúMake Complex Things Simple‚Äù. This is why I‚Äôve always been interested in systems and how they can help streamline the way we do things at Canva. Check out this blog written by Iain Dowling on how we used systems to tackle product design challenges and scale for growth https://lnkd.in/g7ernEu  #design #startups #systemsthinking,https://www.linkedin.com/posts/melanieperkins_design-startups-systemsthinking-activity-6457743132997091328-CmXp?utm_source=combined_share_message&utm_medium=member_desktop&rcm=ACoAADPPKZoBGm3auaTkRMiq2S8K_GGARf_bs9s
Melanie Perkins,melanieperkins,2019-04-09T22:28:26.122Z,533,21,8,article,"As we continue to scale our Engineering team at Canva, we need to ensure that we cultivate and invest in the learning and development of the next generation of engineers. We hosted our first official Intern & Grad program this year and I've been blown away by what they have been able to achieve!

We are going to continue to foster our relationships with universities across Australia and abroad and look forward to welcoming many more to our team! For more information, check out the blog written by one of our recent interns below.
#interns #intern #engineering #blog #engineers",https://www.linkedin.com/posts/melanieperkins_my-internship-experience-at-canva-activity-6521508986343297024-WjlV?utm_source=combined_share_message&utm_medium=member_desktop&rcm=ACoAADOaIt0BRjLO-MIVji43gtwC0Bl2KRs6fXo
Melanie Perkins,melanieperkins,2018-11-09T05:09:34.579Z,488,23,4,image,"We have always had a two step plan - step one, build one of the world‚Äôs most valuable companies and step two, do the most good we possibly can. We‚Äôre less than 1% of the way there on step one, and only getting started with step two, but it‚Äôs been amazing to see our team tackling this from all angles and the passion to help reduce our impact on the environment. Check out our blog on Canva‚Äôs sustainable goals. https://lnkd.in/ffyY4qk
#sustainability #carbonneutral #businessandmanagement #startups",https://www.linkedin.com/posts/melanieperkins_sustainability-carbonneutral-businessandmanagement-activity-6466526981197533184-F7-c?utm_source=combined_share_message&utm_medium=member_desktop&rcm=ACoAADPPKZoBGm3auaTkRMiq2S8K_GGARf_bs9s
Melanie Perkins,melanieperkins,2018-06-21T14:27:36.043Z,214,135,8,text,"Quick question - if you could see your country or this planet reach any goal in your lifetime what would it be?

Any ideas about how you‚Äôd measure progress towards your goal?

(We‚Äôre figuring out a few things for Canva‚Äôs nonprofit program - so would love to hear your thoughts!)",https://www.linkedin.com/posts/melanieperkins_quick-question-if-you-could-see-your-country-activity-6415570723586310144-5Pfm?utm_source=combined_share_message&utm_medium=member_desktop&rcm=ACoAABJnN1EBg8SkzCDxZWBl3ARKtQSsamhRgWE
Melanie Perkins,melanieperkins,2018-11-05T00:06:48.181Z,299,16,6,image,"Want to thrive in a startup? In our latest blog post, Mike Williams shares the types of character traits we‚Äôre looking for when hiring at Canva, and how to succeed. https://lnkd.in/fYpfVHT
#startups",https://www.linkedin.com/posts/melanieperkins_startups-activity-6465001234339336192-wizq?utm_source=combined_share_message&utm_medium=member_desktop&rcm=ACoAADPPKZoBGm3auaTkRMiq2S8K_GGARf_bs9s
Melanie Perkins,melanieperkins,2018-10-02T00:04:06.937Z,291,15,2,image,"Here‚Äôs why inclusive design is so important, and a look into how Canva is incorporating these design principles into our product and day-to-day life. https://lnkd.in/dXGest5
#design #technology #universaldesign #startups #howto #inclusivedesign #inclusion",https://www.linkedin.com/posts/melanieperkins_design-technology-universaldesign-activity-6452679370602479616-pPNS?utm_source=combined_share_message&utm_medium=member_desktop&rcm=ACoAADPPKZoBGm3auaTkRMiq2S8K_GGARf_bs9s
Melanie Perkins,melanieperkins,2019-03-14T05:38:12.472Z,289,9,4,article,"We have a very long term two-step plan at Canva. One - build one of the most valuable companies in the world, and two - do the most good we possibly can. We still have a  long way to go on both fronts, but it feels like we are moving in the right direction! That's why I'm looking forward to joining the Young Global Leaders Class of 2019 - it's an incredible opportunity to collaborate with such inspirational people from all around the world to help shape the world for the better! Learn more about this year‚Äôs class here: wef.ch/ygl19 #YGL19 @YoungGlobalLeaders @World Economic Forum",https://www.linkedin.com/posts/melanieperkins_new-class-activity-6511832669763010560-Iixj?utm_source=combined_share_message&utm_medium=member_desktop&rcm=ACoAADOaIt0BRjLO-MIVji43gtwC0Bl2KRs6fXo
Melanie Perkins,melanieperkins,2017-11-02T07:22:40.686Z,261,29,9,article,"Excited to announce our first ever Canva UX Masterclass on the 25th November at our creative space in Surry Hills! If you're a product or UX designer, or even just interested in learning about creating better user experiences for all, I'd love to see you there!

Learn new skills and get an inside look at how we approach UX at Canva. I'll be there with Canva CPO Cameron Adams, as well as the UX crew from our mobile, print and editor teams - working together to help solve practical issues affecting nonprofits today. 

For more info, please check out our website below - spaces are limited, so register today!",https://www.linkedin.com/posts/melanieperkins_ux-masterclass-canva-activity-6331752191354867712-GA8-?utm_source=combined_share_message&utm_medium=member_desktop&rcm=ACoAABJnN1EBg8SkzCDxZWBl3ARKtQSsamhRgWE
Melanie Perkins,melanieperkins,2018-09-10T07:58:11.967Z,261,23,5,article,"I often say we‚Äôre only at 1% of where we‚Äôd like to be with Canva. We‚Äôve got very ambitious goals ahead of us - and we need a great team to help us pull it off! Luckily our head of talent acquisition Richard Goodfellow managed to figure out a way to scale our engineering team quickly, whilst ensuring we continue to hire the amazing people that we need. Check out Rick's insights on how we managed to double our engineering growth rate in only 6 months.  https://lnkd.in/fnaVGsc
#recruiting #engineers #howto #startups",https://www.linkedin.com/posts/melanieperkins_how-we-doubled-canvas-engineering-growth-activity-6444826144662478848-1PnY?utm_source=combined_share_message&utm_medium=member_desktop&rcm=ACoAABJnN1EBg8SkzCDxZWBl3ARKtQSsamhRgWE
Melanie Perkins,melanieperkins,2018-09-14T08:24:46.327Z,262,21,0,text,,https://www.linkedin.com/posts/melanieperkins_linkedintopstartups-activity-6446282383355408384-B4gf?utm_source=combined_share_message&utm_medium=member_desktop&rcm=ACoAADPPKZoBGm3auaTkRMiq2S8K_GGARf_bs9s
Melanie Perkins,melanieperkins,2018-09-13T04:42:52.746Z,258,19,4,image,"What‚Äôs the difference between being a good product manager and a great one at a high growth startup like Canva? Our talented Shipra Mahindra shares her insights on making quick, high impact decisions that have moved us closer to achieving our vision of empowering everyone to design. 
https://lnkd.in/fdiaG2V #productmanagement",https://www.linkedin.com/posts/melanieperkins_productmanagement-activity-6445864154283765760-n3J1?utm_source=combined_share_message&utm_medium=member_desktop&rcm=ACoAADPPKZoBGm3auaTkRMiq2S8K_GGARf_bs9s
Melanie Perkins,melanieperkins,2018-11-26T02:39:59.476Z,257,10,5,article,"Canva's goal is to empower the whole world to design and so it's essential we localise our product extensively, as only 25% of the world‚Äôs internet population are English speakers. We're fortunate to have an amazing team who care deeply about providing a great experience for our community. Jesse Walker from our localisation team shares some of the lessons he's learnt along the way in this post: https://lnkd.in/f4yY2JH
#localization #startups",https://www.linkedin.com/posts/melanieperkins_the-role-of-localization-quality-in-driving-activity-6472649930602315776-mHKo?utm_source=combined_share_message&utm_medium=member_desktop&rcm=ACoAADPPKZoBGm3auaTkRMiq2S8K_GGARf_bs9s
Melanie Perkins,melanieperkins,2018-12-03T03:37:31.372Z,250,14,11,article,"""Over the years there‚Äôs been a positive shift in stock photography, with the ranks of top selling images moving away from the clich√©... to a more empowered representation of women in the workplace, climbing mountains - and generally being a little more kick ass.""

-- I love this blog written by Elle Hughes from our Marketplace team, highlighting the need for a more diverse and inclusive library of stock photography. We recently launched our Natural Women Collection challenges both societal standards of beauty and gender norms - check out how this collection came to be, and how we made it happen. There's still a long way to go in the media and the world -- but I feel like things are moving in the right direction.",https://www.linkedin.com/posts/melanieperkins_how-canva-is-changing-the-way-women-are-represented-activity-6475201123962712064-wdg5?utm_source=combined_share_message&utm_medium=member_desktop&rcm=ACoAADOaIt0BRjLO-MIVji43gtwC0Bl2KRs6fXo
Melanie Perkins,melanieperkins,2019-03-11T21:22:23.275Z,240,12,2,article,"Since our earliest days we have 'set crazy big goals' and worked tirelessly to make them happen. We have 500+ people at Canva and our focus on 'crazy big goals' has remained. We set large aspirational goals and then work hard to figure out steps to eventually get there.

For example our company's mission is 'to empower the world to design', in 2016 we launched in 20 languages, 2017 we launched in 100 and last year we tackled some of the trickier languages like Chinese and Arabic. While we haven't yet empowered 'the whole world' - the 'crazy big goal' has helped us to take strides in that direction and is now part of everything we do.

In this blog I dive into a little more detail about how we shape our company around goals and hope you find something helpful that you can apply!",https://www.linkedin.com/posts/melanieperkins_creating-a-goal-driven-culture-at-canva-activity-6510983116855836672-cRi6?utm_source=combined_share_message&utm_medium=member_desktop&rcm=ACoAADOaIt0BRjLO-MIVji43gtwC0Bl2KRs6fXo
Melanie Perkins,melanieperkins,2017-09-26T12:55:01.669Z,220,18,0,text,The New Hustle documentary that features the stories of 3 startups (Canva is one of them) went live on youtube today. Check it out: https://lnkd.in/gwvWPbF Luke Annear¬†Cliff Obrecht¬† Justin Dry¬†Andre Eikmeier,https://www.linkedin.com/posts/melanieperkins_the-new-hustle-activity-6318427478872428544-bMGf?utm_source=combined_share_message&utm_medium=member_desktop&rcm=ACoAABJnN1EBg8SkzCDxZWBl3ARKtQSsamhRgWE
Melanie Perkins,melanieperkins,2018-09-19T05:59:55.250Z,186,18,20,article,"Taking on any big goal is always going to be fraught with challenges and feel like a rollercoaster ride. However, for those who feel like they are on the outside (for many different reasons) it's going to be even more challenging. I feel like a lot gets written about what should and shouldn't be done, and deservedly so, but if you happen to be one of those people that feel like you are on the outside - here's some of the things I've learnt along the way. #changethestats",https://www.linkedin.com/posts/melanieperkins_a-message-for-those-who-feel-like-they-are-activity-6448057869664391168-01Ac?utm_source=combined_share_message&utm_medium=member_desktop&rcm=ACoAADPPKZoBGm3auaTkRMiq2S8K_GGARf_bs9s
Melanie Perkins,melanieperkins,2019-01-10T00:46:58.116Z,176,8,3,article,"In a couple of short minutes we can dramatically improve our teams and our performance, by simply asking those around you ‚Äòhow can I improve or make your job easier‚Äô. Despite how obvious it is - it's surprising how often we never do it. The question may make us feel vulnerable, the time may never seem right or we simply might not think of it. But asking this very simple question can help us to radically accelerate our learnings and relationships.

In this blog post, our performance coach Sarah Nanclares shares the best way to ask, give and receive feedback. If you have any other tips, please share them below!",https://www.linkedin.com/posts/melanieperkins_how-canva-is-building-a-feedback-culture-activity-6488928941468942336-6H4U?utm_source=combined_share_message&utm_medium=member_desktop&rcm=ACoAADOaIt0BRjLO-MIVji43gtwC0Bl2KRs6fXo
Melanie Perkins,melanieperkins,2018-11-29T08:03:49.473Z,123,7,1,article,"Calling all photographers: Canva in conjunction with Pexels.com is hosting Sydney's most epic photo walk this Sunday from 4pm with pro photographer tips, models, snacks, drinks and lots of FUN! Please register here! https://lnkd.in/fCacvuQ
#photographers #startups",https://www.linkedin.com/posts/melanieperkins_sydneys-most-awesome-photowalk-activity-6473818589513252864-DKQv?utm_source=combined_share_message&utm_medium=member_desktop&rcm=ACoAADPPKZoBGm3auaTkRMiq2S8K_GGARf_bs9s
Melanie Perkins,melanieperkins,2017-09-15T05:08:41.017Z,118,5,0,text,"Very excited for this event in the Canva office on Monday featuring Shipra Mahindra¬†from Canva and Brian Donohue
 from Intercom.",https://www.linkedin.com/posts/melanieperkins_managing-products-sydney-september-2017-activity-6314323852990218240-Mo1u?utm_source=combined_share_message&utm_medium=member_desktop&rcm=ACoAABJnN1EBg8SkzCDxZWBl3ARKtQSsamhRgWE
Melanie Perkins,melanieperkins,2017-07-25T01:59:51.122Z,115,2,0,text,"Wonderful article featuring our Android Engineer, Elizabeth Veprik, on how Canva fosters inclusion and flexibility in the workplace.",https://www.linkedin.com/posts/melanieperkins_how-any-tech-company-can-attract-the-best-activity-6295432162955141120-hwXf?utm_source=combined_share_message&utm_medium=member_desktop&rcm=ACoAABJnN1EBg8SkzCDxZWBl3ARKtQSsamhRgWE
Melanie Perkins,melanieperkins,2015-10-06T14:30:31.419Z,70,12,4,article,,https://www.linkedin.com/posts/melanieperkins_design-platform-canva-scores-15-million-activity-6057169860088053760-sKKU?utm_source=combined_share_message&utm_medium=member_desktop&rcm=ACoAAE9FjwcBJGRSgTgkiFHepSyhZsiuckJGTk8
Melanie Perkins,melanieperkins,2015-05-04T15:51:30.399Z,70,11,3,article,,https://www.linkedin.com/posts/melanieperkins_canva-announces-additional-6-million-funding-activity-6001020120959324180-w7OJ?utm_source=combined_share_message&utm_medium=member_desktop&rcm=ACoAAE9FjwcBJGRSgTgkiFHepSyhZsiuckJGTk8
Melanie Perkins,melanieperkins,2014-12-11T08:59:05.568Z,16,0,0,article,,https://www.linkedin.com/posts/melanieperkins_25-epic-design-tips-for-non-designers-activity-5948732480969269248-wkBX?utm_source=combined_share_message&utm_medium=member_desktop&rcm=ACoAAE9FjwcBJGRSgTgkiFHepSyhZsiuckJGTk8
